product_name,category,brand_name,price
limit Lisa,gifts_party,Speed Net Electronics,58.9
aunt leg,gifts_party,Speed Net Electronics,55.9
cafe advertisement,gifts_party,Speed Net Electronics,48.9
grip decade,gifts_party,Speed Net Electronics,48.9
January physician,gifts_party,Speed Net Electronics,55.9
back cowbell,gifts_party,Speed Net Electronics,48.9
broker ethernet,gifts_party,Speed Net Electronics,49.9
agreement pentagon,pets,Systems Universal,239.9
top battery,pets,Systems Universal,29.9
cinema booklet,pets,Systems Universal,34.9
beet meter,pets,Systems Universal,19.99
cycle lawyer,electronics_technology,Medicine Industries Electronic,12.88
John pie,furniture,Network Contract Digital,199.0
flame Thomas,furniture,Network Contract Digital,149.0
suggestion sidewalk,electronics_technology,Max Galaxy Research,19.9
scale slice,electronics_technology,Max Galaxy Research,19.9
control processing,electronics_technology,Max Galaxy Research,19.9
sea plant,electronics_technology,Max Galaxy Research,19.9
weight check,beauty,Solutions Systems Studio,36.85
harmonica insulation,beauty,Solutions Systems Studio,76.49
drain pull,beauty,Solutions Systems Studio,99.9
skate fortnight,beauty,Solutions Systems Studio,286.35
month drama,beauty,Solutions Systems Studio,26.14
harmony almanac,beauty,Solutions Systems Studio,81.56
rise mercury,beauty,Solutions Systems Studio,131.25
Margaret bonsai,beauty,Solutions Systems Studio,151.74
cent area,beauty,Solutions Systems Studio,99.0
explanation vermicelli,beauty,Solutions Systems Studio,63.36
rutabaga dry,beauty,Solutions Systems Studio,78.0
wholesaler bulldozer,beauty,Solutions Systems Studio,327.0
dugout milkshake,gifts_party,Solutions Systems Studio,369.0
key rose,beauty,Solutions Systems Studio,56.29
composition lier,books,Research South Application,57.49
salesman scallion,beauty,Network Vision Bell,84.99
chin drain,beauty,Network Vision Bell,89.99
system hockey,beauty,Network Vision Bell,59.99
Michael lace,beauty,Network Vision Bell,56.99
sousaphone bell,beauty,Network Vision Bell,56.99
lamp height,beauty,Network Vision Bell,23.99
humidity violet,beauty,Network Vision Bell,53.99
soldier glockenspiel,beauty,Network Vision Bell,84.99
reason shell,beauty,Network Vision Bell,56.99
samurai block,beauty,Network Vision Bell,34.99
karate tugboat,home_appliances,Architecture Signal Consulting,74.0
mustard judge,home_appliances,Architecture Signal Consulting,99.0
keyboard cry,home_appliances,Architecture Signal Consulting,69.9
flower governor,home_appliances,Architecture Signal Consulting,69.9
margin balance,home_appliances,Architecture Signal Consulting,77.9
freighter brick,home_appliances,Architecture Signal Consulting,79.9
deal mirror,home_appliances,Architecture Signal Consulting,109.9
unit clock,home_appliances,Architecture Signal Consulting,69.9
utensil scallion,garden_outdoor,Galaxy People,49.9
law icon,garden_outdoor,Galaxy People,49.9
icon tip,garden_outdoor,Galaxy People,49.9
garden river,garden_outdoor,Galaxy People,53.9
knot middle,garden_outdoor,Galaxy People,49.9
crayon icebreaker,garden_outdoor,Galaxy People,53.9
measure Sphynx,gifts_party,Technology Studio Net,25.0
German nerve,home_appliances,Electronics Hardware Architecture,47.9
syrup icebreaker,home_appliances,Electronics Hardware Architecture,39.5
glue bed,electronics_technology,Medicine Graphics Network,18.99
shrimp Joseph,electronics_technology,Medicine Graphics Network,29.98
rake produce,electronics_technology,Medicine Graphics Network,24.99
jelly Manx,office_stationery,Contract Max Galaxy,192.97
wall lake,office_stationery,Contract Max Galaxy,146.94
lily November,office_stationery,Contract Max Galaxy,79.99
Mexico sneeze,office_stationery,Contract Max Galaxy,179.9
apartment pancreas,office_stationery,Contract Max Galaxy,79.99
Japan hyena,office_stationery,Contract Max Galaxy,169.99
cowbell Indonesia,office_stationery,Contract Max Galaxy,149.94
stitch security,office_stationery,Contract Max Galaxy,139.99
soccer armed,office_stationery,Contract Max Galaxy,219.99
fir math,furniture,Contract Max Galaxy,79.98
pump Daniel,fashion,Advanced Universal Power,49.0
switch expert,fashion,Advanced Universal Power,55.0
TV cultivator,fashion,Advanced Universal Power,49.0
system barge,fashion,Advanced Universal Power,55.0
psychiatrist temperature,fashion,Advanced Universal Power,29.0
elbow novel,fashion,Advanced Universal Power,78.0
riddle whale,fashion,Advanced Universal Power,29.0
cake willow,fashion,Advanced Universal Power,69.0
train evening,fashion,Advanced Universal Power,29.0
lead prose,fashion,Advanced Universal Power,55.0
panda radio,fashion,Advanced Universal Power,49.0
product protocol,fashion,Advanced Universal Power,95.0
actor weeder,fashion,Advanced Universal Power,35.0
revolve work,fashion,Advanced Universal Power,39.0
cough anteater,fashion,Advanced Universal Power,49.0
softdrink lyric,fashion,Advanced Universal Power,29.0
health forest,fashion,Advanced Universal Power,29.0
athlete crawdad,fashion,Advanced Universal Power,49.0
wind taste,fashion,Advanced Universal Power,44.0
Siberian cello,fashion,Advanced Universal Power,49.0
Elizabeth tiger,fashion,Advanced Universal Power,45.0
expansion boot,fashion,Advanced Universal Power,59.0
chimpanzee drum,garden_outdoor,Vision Bell Contract,34.9
beer metal,food_grocery,Bell East,27.9
ox snowman,auto,Bell East,29.99
fireplace base,auto,Bell East,27.9
bench literature,furniture,Signal Net Studio,38.5
accordion Margaret,furniture,Star Analysis Net,59.9
schedule blizzard,electronics_technology,Consulting Data Bell,13.47
aftershave flugelhorn,electronics_technology,Consulting Data Bell,13.98
glass mallet,electronics_technology,Galaxy Net South,21.9
bakery cold,electronics_technology,Galaxy Net South,9.0
screwdriver bomb,electronics_technology,Galaxy Net South,13.65
politician pin,electronics_technology,Galaxy Net South,12.9
comparison time,electronics_technology,Galaxy Net South,23.7
rock place,electronics_technology,Galaxy Net South,18.9
Carol revolver,electronics_technology,Galaxy Net South,21.9
peen reindeer,electronics_technology,Galaxy Net South,13.65
timbales carnation,electronics_technology,Galaxy Net South,21.9
hall swordfish,electronics_technology,Data Electronics Solutions,188.9
withdrawal straw,gifts_party,Electronic Resource,99.99
creature gorilla,gifts_party,Electronic Resource,129.99
army face,gifts_party,Electronic Resource,89.99
motion range,gifts_party,Electronic Resource,99.99
diving health,gifts_party,Electronic Resource,144.99
alley buffet,gifts_party,Electronic Resource,144.99
week cormorant,gifts_party,Electronic Resource,219.99
jail modem,gifts_party,Electronic Resource,119.99
kick tie,gifts_party,Electronic Resource,99.99
trail grandfather,gifts_party,Electronic Resource,65.99
pain bottom,electronics_technology,Systems Interactive Atlantic,18.79
ornament receipt,electronics_technology,People North,81.99
pendulum larch,electronics_technology,People North,109.9
Daniel overcoat,electronics_technology,People North,61.9
giraffe stamp,electronics_technology,People North,199.0
hand Kenneth,electronics_technology,Network Future Speed,84.9
drug consonant,electronics_technology,Network Future Speed,74.9
sun plier,electronics_technology,Network Future Speed,88.0
Saudi Arabia blue,electronics_technology,Network Future Speed,72.0
semicolon fedelini,electronics_technology,Network Future Speed,74.9
opinion broker,electronics_technology,Hardware Max,94.55
eyebrow crowd,electronics_technology,Hardware Max,83.49
circle condor,electronics_technology,Provider Signal Pacific,70.0
canoe grasshopper,electronics_technology,Provider Signal Pacific,85.0
bicycle deficit,gifts_party,Electronic Software Solutions,148.0
spandex agenda,electronics_technology,Data Omega,95.0
art underwear,beauty,Virtual Signal Electronic,18.99
t-shirt hourglass,beauty,Medicine Solutions Solutions,35.9
tornado wholesaler,gifts_party,Medicine Solutions Solutions,99.9
year playground,furniture,Signal Star Provider,79.5
distribution sleet,toys,Analysis Signal Contract,119.9
step-uncle boot,electronics_technology,Network South Internet,24.99
yellow poison,beauty,Telecom Design Provider,120.0
chick statement,furniture,Telecom Design Provider,69.9
leg pentagon,gifts_party,Telecom Design Provider,29.5
karate July,home_appliances,Telecom Design Provider,33.0
Barbara motorcycle,home_appliances,Telecom Design Provider,85.0
tornado rain,electronics_technology,Alpha Advanced Studio,105.0
honey watchmaker,beauty,Direct Frontier Building,118.0
date jar,beauty,Solutions Electronics Provider,132.2
geese art,furniture,Construction Universal Systems,88.34
dahlia Libra,furniture,Construction Universal Systems,45.91
size vest,furniture,Vision Hardware Provider,99.9
raincoat psychology,toys,Graphics Construction Advanced,44.9
banjo cent,toys,Graphics Construction Advanced,30.5
party inventory,toys,Graphics Construction Advanced,49.9
great-grandmother cello,toys,Graphics Construction Advanced,34.9
Iraq disgust,toys,Graphics Construction Advanced,49.9
crow manicure,baby,Graphics Construction Advanced,64.9
slip cymbal,office_stationery,Future Network Direct,104.0
chocolate halibut,office_stationery,Future Network Direct,69.0
bankbook herring,office_stationery,Source North Bell,58.9
Donald panties,office_stationery,Source North Bell,98.9
eel napkin,fashion,Source North Bell,96.8
spinach bee,office_stationery,Source North Bell,127.9
Congo cause,furniture,Interactive Analysis Design,19.9
worm panties,toys,Federated Telecom Innovation,299.99
button Romania,furniture,Consulting Analysis Electronics,59.9
transmission pink,fashion,People Vision Systems,134.9
consonant avenue,fashion,People Vision Systems,668.0
shake violin,fashion,People Vision Systems,127.0
cormorant hyena,gifts_party,People Vision Systems,188.0
South Korea goal,fashion,People Vision Systems,219.0
drawbridge knight,beauty,People Vision Systems,234.9
Christmas hill,fashion,People Vision Systems,269.0
believe creature,fashion,People Vision Systems,178.0
stamp hacksaw,fashion,People Vision Systems,129.0
sweatshop moustache,fashion,People Vision Systems,329.0
scraper Maria,fashion,People Vision Systems,248.0
magazine blowgun,fashion,People Vision Systems,119.0
parallelogram preface,fashion,People Vision Systems,102.9
CD owner,electronics_technology,People Vision Systems,189.0
cover blanket,fashion,People Vision Systems,119.9
court attempt,fashion,People Vision Systems,198.0
liquor bay,fashion,People Vision Systems,144.0
country Italian,fashion,People Vision Systems,690.0
stock daughter,electronics_technology,People Vision Systems,239.0
key animal,fashion,People Vision Systems,237.0
engine peer-to-peer,beauty,Medicine Galaxy Bell,66.99
work fiber,beauty,Medicine Galaxy Bell,122.99
game cartoon,electronics_technology,Studio Design South,499.99
microwave kamikaze,fashion,Studio Design South,178.99
ramie canoe,furniture,Virtual South Virtual,189.0
epoxy cyclone,sports,Data Resource Signal,69.9
helicopter maid,beauty,Bell West Electronics,110.32
look store,beauty,Bell West Electronics,110.32
swallow hippopotamus,electronics_technology,Net Venture Direct,49.0
duckling court,electronics_technology,Net Venture Direct,99.0
hacksaw trombone,beauty,Net Omega Architecture,59.9
stove effect,beauty,Net Omega Architecture,119.9
raft dish,beauty,Net Omega Architecture,69.9
sturgeon snowboarding,beauty,Net Omega Architecture,99.9
ambulance community,beauty,Net Omega Architecture,159.9
attic structure,office_stationery,Advanced Resource Network,120.0
aunt green,office_stationery,Advanced Resource Network,129.0
aluminum mandolin,office_stationery,Advanced Resource Network,79.0
patch cone,electronics_technology,Pacific Star Solutions,149.0
current feather,garden_outdoor,Pacific Star Solutions,89.99
arch segment,garden_outdoor,Pacific Star Solutions,99.99
state printer,garden_outdoor,Pacific Star Solutions,179.0
submarine cave,electronics_technology,Advanced Systems Atlantic,180.0
Richard maid,fashion,Advanced Design Galaxy,190.83
process streetcar,baby,Omega Hill Research,109.9
scraper coffee,home_appliances,Construction Digital North,60.5
supply lunch,home_appliances,Construction Digital North,56.1
flat detective,electronics_technology,Source Contract Analysis,144.9
sail tugboat,fashion,Direct Network Construction,49.9
alibi building,fashion,Direct Network Construction,49.9
value freon,garden_outdoor,Building Architecture General,99.0
oval porch,garden_outdoor,Building Architecture General,99.0
hen margin,toys,Hardware People Design,119.99
hand step-uncle,fashion,Adventure Graphics Consulting,105.0
collision cod,beauty,Systems Innovation,61.0
secretary rail,furniture,Construction Future Network,45.9
January patient,furniture,Construction Future Network,45.9
pedestrian texture,home_appliances,Construction Future Network,109.9
herring hair,furniture,Construction Future Network,51.92
trade swan,furniture,Construction Future Network,50.9
balance mark,home_appliances,Star Construction Technology,69.9
restaurant goal,home_appliances,Electronics Digital Contract,48.9
dahlia Jason,home_appliances,Electronics Digital Contract,32.9
meter mechanic,electronics_technology,Technology Star Contract,27.9
beret sweatshirt,electronics_technology,Technology Star Contract,31.9
advertisement squash,electronics_technology,Technology Star Contract,31.9
debtor arm,auto,Network Direct Analysis,117.3
rayon enemy,auto,Network Direct Analysis,169.0
blade arm,auto,Network Direct Analysis,147.9
odometer control,auto,Network Direct Analysis,139.0
perfume scene,auto,Network Direct Analysis,143.8
octagon skill,auto,Network Direct Analysis,229.04
sex quartz,sports,Telecom Design Solutions,65.0
dog reason,books,Telecom Design Solutions,115.0
supermarket foxglove,auto,General Virtual Analysis,107.9
girl dimple,entertainment,Max Frontier Resource,52.88
shirt acoustic,home_appliances,Omega Pacific Telecom,39.99
skirt stepdaughter,home_appliances,Omega Pacific Telecom,49.95
cabbage bead,home_appliances,Omega Pacific Telecom,49.95
feeling hat,furniture,Omega Pacific Telecom,59.55
geology overcoat,food_grocery,Solutions Hill Electronics,57.49
sister jeep,sports,Solutions Hill Electronics,28.55
ticket cultivator,food_grocery,Solutions Hill Electronics,65.49
daisy duck,entertainment,Vision Federated Solutions,24.5
cement neck,entertainment,Vision Federated Solutions,32.5
great-grandfather fold,home_appliances,Solutions North Omega,12.9
lute grease,home_appliances,Solutions North Omega,13.9
gear meeting,home_appliances,Solutions North Omega,38.9
craftsman quill,home_appliances,Solutions North Omega,44.9
forehead noodle,furniture,Resource Building People,250.0
freckle sundial,furniture,Resource Building People,35.0
macaroni band,furniture,Resource Building People,78.0
Libra shake,furniture,Resource Building People,35.0
string bridge,furniture,Resource Building People,69.99
jewel able,furniture,Resource Building People,38.4
mascara vinyl,furniture,Resource Building People,38.4
office cheese,furniture,Resource Building People,196.8
cough tulip,furniture,Resource Building People,150.0
certification select,furniture,Resource Building People,105.0
broker theater,garden_outdoor,Resource Building People,150.0
opinion bow,furniture,Resource Building People,38.4
cloudy receipt,furniture,Resource Building People,75.0
cloudy industry,garden_outdoor,Resource Building People,228.0
hurricane pipe,furniture,Resource Building People,67.0
swim pamphlet,furniture,Resource Building People,35.0
kilogram bobcat,furniture,Resource Building People,120.0
risk insulation,furniture,Resource Building People,38.4
perch zebra,electronics_technology,Frontier Solutions Graphics,79.9
low climb,electronics_technology,Atlantic Direct Atlantic,299.99
roll back,electronics_technology,Atlantic Direct Atlantic,249.0
trial target,beauty,Research Net Resource,50.21
sister-in-law fountain,beauty,Virtual Bell,69.0
texture sister-in-law,sports,Federated Signal Resource,69.9
snowboarding Ronald,sports,Federated Signal Resource,69.9
aunt dinghy,electronics_technology,Building Advanced Contract,19.9
gold straw,electronics_technology,Building Advanced Contract,14.9
geography pantyhose,electronics_technology,Building Advanced Contract,18.9
bagel passive,beauty,Adventure Alpha Industries,349.9
postbox river,home_appliances,Advanced Speed Network,110.99
airship glue,beauty,Star Internet Network,13.99
driving Edward,beauty,Hill South Future,78.0
John cheese,home_appliances,Data Power Pacific,134.9
cathedral voyage,home_appliances,Data Power Pacific,85.9
answer gray,home_appliances,Data Power Pacific,149.9
cycle brush,home_appliances,Telecom Federated Direct,179.99
temple tadpole,home_appliances,Telecom Federated Direct,219.99
attack library,home_appliances,Telecom Federated Direct,205.0
surfboard catamaran,home_appliances,Telecom Federated Direct,205.0
Europe law,toys,Star Software Solutions,73.76
disease vest,gifts_party,Analysis Systems Venture,64.9
Morocco temperature,garden_outdoor,Analysis Systems Venture,12.49
cardboard poppy,beauty,Universal Net Virtual,9.8
work poultry,home_appliances,Speed Advanced Pacific,99.99
basket cave,home_appliances,Speed Advanced Pacific,109.99
cell duckling,electronics_technology,Architecture Net East,15.99
French society,home_appliances,Digital Network Star,89.9
sundial lift,home_appliances,Digital Network Star,24.9
rise doctor,home_appliances,Digital Network Star,44.9
caption time,beauty,Digital Network Star,29.9
ice mail,beauty,Digital Network Star,29.9
island purple,beauty,Digital Network Star,29.9
middle railway,home_appliances,Digital Network Star,99.9
alto Claus,home_appliances,Digital Network Star,199.9
cloth Kenneth,home_appliances,Digital Network Star,99.9
buzzard thread,home_appliances,Digital Network Star,109.9
course Barbara,home_appliances,Digital Network Star,149.9
trombone carpenter,home_appliances,Digital Network Star,109.9
begonia decade,home_appliances,Digital Network Star,24.9
helmet bumper,beauty,Vision Hardware Systems,99.9
America passbook,home_appliances,Federated General Analysis,109.9
dime cello,home_appliances,Federated General Analysis,79.9
Charles flower,home_appliances,Federated General Analysis,116.9
May sweater,home_appliances,Federated General Analysis,99.9
deposit Bangladesh,home_appliances,Federated General Analysis,114.9
poet commission,home_appliances,Federated General Analysis,89.9
wool stop,electronics_technology,Resource Data Galaxy,12.99
swim shop,home_appliances,Software Interactive Medicine,59.9
luttuce insurance,electronics_technology,Studio General Network,29.99
airport argument,electronics_technology,Studio General Network,29.99
partridge trouble,home_appliances,Medicine Source Net,59.99
grain dedication,home_appliances,South Virtual Direct,109.9
hippopotamus underclothes,home_appliances,South Virtual Direct,99.9
scanner aftermath,home_appliances,South Virtual Direct,259.9
camel cartoon,home_appliances,South Virtual Direct,147.9
pin jury,sports,South Medicine Virtual,72.9
delete hardcover,home_appliances,Graphics Resource Alpha,68.9
eel decrease,home_appliances,Graphics Resource Alpha,61.9
Egypt income,home_appliances,Innovation General,39.0
crime partner,toys,Vision Adventure Electronics,129.8
doubt sidecar,baby,Construction Federated Federated,99.2
February Africa,electronics_technology,Software Power Bell,149.9
salary ceiling,electronics_technology,Software Power Bell,39.9
Carol ease,baby,Universal Omega Source,47.9
pendulum Aquarius,beauty,Construction Medicine Advanced,330.0
typhoon path,baby,North Architecture North,134.9
David database,gifts_party,Source Advanced Construction,176.99
technician novel,home_appliances,Source Advanced Construction,248.99
cable ptarmigan,home_appliances,Construction Omega Atlantic,56.99
fountain wholesaler,home_appliances,Construction Omega Atlantic,56.99
message Peru,home_appliances,Construction Omega Atlantic,29.99
shirt flood,home_appliances,Construction Omega Atlantic,80.0
Myanmar bus,home_appliances,Construction Omega Atlantic,56.99
nic baboon,home_appliances,Construction Omega Atlantic,59.99
edger sandwich,pets,Future Max People,110.0
step-sister dock,furniture,Analysis Data,72.99
heaven Virgo,home_appliances,Solutions Adventure Universal,39.0
skate puppy,baby,Max People Network,174.9
slash badge,home_appliances,Net Adventure Star,54.9
Swiss cabinet,home_appliances,Omega Speed Virtual,24.99
mosque nic,fashion,Bell North,55.0
wave business,fashion,Bell North,117.87
difference blade,garden_outdoor,East South Speed,99.9
sea nickel,home_appliances,Hardware Software Analysis,49.0
algebra ex-wife,home_appliances,Atlantic People Electronic,177.99
sturgeon friend,beauty,Interactive Software Telecom,116.0
pressure mom,beauty,Interactive Software Telecom,150.0
session beaver,beauty,Star Solutions Source,180.0
environment anatomy,furniture,Pacific Design Solutions,103.97
bee step-uncle,furniture,Pacific Design Solutions,103.97
road policeman,office_stationery,Systems Source Solutions,37.5
writer raincoat,toys,Systems Source Solutions,79.9
meter good-bye,office_stationery,Systems Source Solutions,23.9
cave copy,office_stationery,Systems Source Solutions,7.5
postbox volcano,home_appliances,Research Hill Universal,129.0
jute neon,home_appliances,Research Hill Universal,129.0
cattle meat,home_appliances,Graphics East Speed,289.99
arithmetic lion,beauty,General Bell Interactive,15.75
trick processing,furniture,Max Studio Frontier,69.9
William llama,home_appliances,Digital Atlantic Vision,149.0
unit difference,sports,Direct South Resource,149.9
crocus promotion,furniture,Power Advanced Industries,10.9
bird Bengal,furniture,Digital Speed Application,69.0
bank temple,home_appliances,Vision Systems Solutions,79.99
narcissus quail,auto,General Digital,109.0
detective atomic,furniture,Venture Pacific Future,129.8
route stew,gifts_party,Signal Source Systems,249.9
attraction pantyhose,baby,Star Future Systems,35.9
carp ice,garden_outdoor,Star Contract Medicine,120.0
resolution pin,sports,Bell Systems Medicine,89.5
format appendix,baby,West Resource Interactive,32.4
policeman backbone,baby,Power Innovation North,159.99
ounce mist,beauty,Future Systems Architecture,86.0
